"","psnl_city","anul_clndr_code","txn_amt"
"1","abbotsford",2008,3502.57
"2","abbotsford",2009,26560.91
"3","abbotsford",2010,35463.01
"4","abbotsford",2011,22465.36
"5","abbotsford",2012,14988.67
"6","abbotsford",2013,17804.75
"7","abbotsford",2014,26465.58
"8","abbotsford",2015,28788.43
"9","abbotsford",2016,27862.39
"10","acton",2009,673.92
"11","acton",2010,23110.3
"12","acton",2011,15039.24
"13","acton",2012,10497.62
"14","acton",2013,13281.98
"15","acton",2014,12146.92
"16","acton",2015,31815.13
"17","acton",2016,25260.07
"18","airdrie",2010,56.69
"19","airdrie",2011,1968.78
"20","airdrie",2012,3248.27
"21","airdrie",2013,9487.08
"22","airdrie",2014,5005.12
"23","airdrie",2015,9446.28
"24","airdrie",2016,10895.93
"25","ajax",2008,2922.08
"26","ajax",2009,14965.01
"27","ajax",2010,49421.55
"28","ajax",2011,49140.98
"29","ajax",2012,74291.33
"30","ajax",2013,79401.93
"31","ajax",2014,55209.15
"32","ajax",2015,58729.7
"33","ajax",2016,37908.87
"34","albert bridge",2014,48.74
"35","albert bridge",2016,215.8
"36","aldergrove",2015,129.97
"37","aldergrove",2016,1574.97
"38","alexandria",2008,12302.91
"39","alexandria",2009,21267.09
"40","alexandria",2010,30912.09
"41","alexandria",2011,32126.37
"42","alexandria",2012,40502.26
"43","alexandria",2013,40784.13
"44","alexandria",2014,35237.1
"45","alexandria",2015,36303.53
"46","alexandria",2016,28375.88
"47","alliston",2009,2272.72
"48","alliston",2010,5778.71
"49","alliston",2011,12432.5
"50","alliston",2012,8483.3
"51","alliston",2013,14626.13
"52","alliston",2014,19725
"53","alliston",2015,17181.97
"54","alliston",2016,16912.84
"55","amherstburg",2011,215.07
"56","ancaster",2008,9121.03
"57","ancaster",2009,16044.75
"58","ancaster",2010,16082.13
"59","ancaster",2011,15972.05
"60","ancaster",2012,23377.41
"61","ancaster",2013,24807.41
"62","ancaster",2014,24485.28
"63","ancaster",2015,14518.78
"64","ancaster",2016,17719.49
"65","angus",2007,751.94
"66","angus",2008,25983.02
"67","angus",2009,35969.39
"68","angus",2010,42449.44
"69","angus",2011,40256.93
"70","angus",2012,54504.36
"71","angus",2013,56002.07
"72","angus",2014,62363.85
"73","angus",2015,67071.79
"74","angus",2016,44401.42
"75","apohaqui",2008,7891.73
"76","apohaqui",2009,13206.34
"77","apohaqui",2010,8619.23
"78","ardrossan",2008,9219.44
"79","ardrossan",2009,18515.07
"80","ardrossan",2010,24999.73
"81","ardrossan",2011,30518.96
"82","ardrossan",2012,31547.43
"83","ardrossan",2013,14690.02
"84","ardrossan",2014,1859.61
"85","ardrossan",2015,1443.89
"86","ardrossan",2016,933.74
"87","arnprior",2011,375.11
"88","arnprior",2012,4194.17
"89","arnprior",2013,3270.66
"90","arnprior",2014,1230.19
"91","arnprior",2015,4436.79
"92","arnprior",2016,3517.63
"93","aurora",2008,661.41
"94","aurora",2009,2244.6
"95","aurora",2010,3135.2
"96","aurora",2011,8168.68
"97","aurora",2012,22787.21
"98","aurora",2013,24646.19
"99","aurora",2014,13969.15
"100","aurora",2015,11192.89
"101","aurora",2016,10810.38
"102","bancroft",2008,1163.29
"103","bancroft",2009,8291.59
"104","bancroft",2010,33389.58
"105","bancroft",2011,57961.03
"106","bancroft",2012,79009.24
"107","bancroft",2013,45445.31
"108","bancroft",2014,43529.22
"109","bancroft",2015,19740.91
"110","bancroft",2016,10178.25
"111","barrie",2007,5539.8
"112","barrie",2008,30641.41
"113","barrie",2009,63268.88
"114","barrie",2010,75594.48
"115","barrie",2011,82481.62
"116","barrie",2012,95693.04
"117","barrie",2013,91835.94
"118","barrie",2014,82233.42
"119","barrie",2015,82740.03
"120","barrie",2016,53866.54
"121","battleford",2009,11067.36
"122","battleford",2010,7578.03
"123","battleford",2011,17585.78
"124","battleford",2012,8901.41
"125","battleford",2013,13313.1
"126","battleford",2014,2447.99
"127","beaumont",2008,231.44
"128","beaumont",2009,5020.01
"129","beaumont",2010,15657.36
"130","beaumont",2011,14436.66
"131","beaumont",2012,17153.14
"132","beaumont",2013,28405.13
"133","beaumont",2014,15356.91
"134","beaumont",2015,17450.26
"135","beaumont",2016,8509.77
"136","belle river",2009,7821.72
"137","belle river",2010,3596.02
"138","belle river",2011,4986.52
"139","belle river",2012,11083.58
"140","belle river",2013,1620.01
"141","belle river",2014,95.57
"142","belle river",2015,383.57
"143","belle river",2016,316.7
"144","belledune",2010,2942.1
"145","belledune",2011,5743.42
"146","belledune",2012,8871.13
"147","belledune",2013,9955.9
"148","belledune",2014,19161.91
"149","belledune",2015,14588.17
"150","belledune",2016,9717.47
"151","belleville",2008,6375.72
"152","belleville",2009,13580.34
"153","belleville",2010,11715.96
"154","belleville",2011,9609.34
"155","belleville",2012,11686.52
"156","belleville",2013,11258.95
"157","belleville",2014,10637.63
"158","belleville",2015,17335.29
"159","belleville",2016,16636.13
"160","bishops falls",2015,6062.93
"161","bishops falls",2016,8863.35
"162","blackfalds",2013,4591.27
"163","blackfalds",2014,11363.76
"164","blackfalds",2015,8541.92
"165","blackfalds",2016,8530.08
"166","blainville",2008,10077.26
"167","blainville",2009,21362.99
"168","blainville",2010,17677.82
"169","blainville",2011,13072.46
"170","blenheim",2007,4908.57
"171","blenheim",2008,26102.14
"172","blenheim",2009,49685.98
"173","blenheim",2010,55531.22
"174","blenheim",2011,44771.15
"175","blenheim",2012,37188.14
"176","blenheim",2013,33626.16
"177","blenheim",2014,22865.96
"178","blenheim",2015,11873.85
"179","blenheim",2016,5993.56
"180","blind river",2015,190.81
"181","boischatel",2007,4155.5
"182","boischatel",2008,15357.03
"183","boischatel",2009,7654.28
"184","boischatel",2010,5570.45
"185","boischatel",2011,12230.05
"186","boischatel",2012,10288.43
"187","boischatel",2013,6215.48
"188","boischatel",2014,27.58
"189","bolton",2013,1632.2
"190","bolton",2014,19971.99
"191","bolton",2015,17397.87
"192","bolton",2016,9575.86
"193","bowmanville",2008,6265.65
"194","bowmanville",2009,2228.79
"195","bowmanville",2010,4921.51
"196","bowmanville",2011,1896.42
"197","bowmanville",2012,6280.08
"198","bowmanville",2013,7133.64
"199","bowmanville",2014,10611.1
"200","bowmanville",2015,11846.8
"201","bowmanville",2016,6455.13
"202","bracebridge",2013,1425.38
"203","bracebridge",2014,6151.65
"204","bracebridge",2015,1725.37
"205","bracebridge",2016,278.45
"206","bradford",2007,2040.76
"207","bradford",2008,19668.37
"208","bradford",2009,29203.43
"209","bradford",2010,43488.74
"210","bradford",2011,48606.07
"211","bradford",2012,66231.67
"212","bradford",2013,75813.73
"213","bradford",2014,87671.29
"214","bradford",2015,89660.54
"215","bradford",2016,71855.37
"216","brampton",2007,21341.53
"217","brampton",2008,77655.55
"218","brampton",2009,103572.97
"219","brampton",2010,203567.69
"220","brampton",2011,244065.58
"221","brampton",2012,207232.07
"222","brampton",2013,257308.26
"223","brampton",2014,272670.04
"224","brampton",2015,335697.2
"225","brampton",2016,231872.08
"226","brandon",2008,2623.6
"227","brandon",2009,8186.42
"228","brandon",2010,10233.63
"229","brandon",2011,10408.51
"230","brandon",2012,9343.78
"231","brandon",2013,13332.99
"232","brandon",2014,11459.83
"233","brandon",2015,1192.1
"234","brantford",2007,1274.95
"235","brantford",2008,11601.11
"236","brantford",2009,7153.22
"237","brantford",2010,18466.13
"238","brantford",2011,14274.11
"239","brantford",2012,3002.66
"240","brantford",2013,1056.86
"241","brantford",2014,1638.79
"242","brantford",2015,3147.39
"243","brantford",2016,3237.62
"244","breakeyville",2012,133.74
"245","breakeyville",2013,1616.56
"246","breakeyville",2014,1548.89
"247","breakeyville",2015,340.05
"248","breakeyville",2016,37.26
"249","bridgewater",2014,3589.48
"250","bridgewater",2015,151.49
"251","bridgewater",2016,64.99
"252","brockville",2009,10791.41
"253","brockville",2010,19683.58
"254","brockville",2011,16183.66
"255","brockville",2012,24681.34
"256","brockville",2013,26483.18
"257","brockville",2014,57544.94
"258","brockville",2015,44356.41
"259","brockville",2016,35462.86
"260","brooklin",2008,1425.72
"261","brooklin",2009,1833.02
"262","brooklin",2010,2222.99
"263","brooklin",2011,2705.84
"264","brooklin",2012,7759.02
"265","brooklin",2013,6198.56
"266","brooklin",2014,4127.03
"267","brooklin",2015,11572.74
"268","brooklin",2016,8593.04
"269","brossard",2008,951.8
"270","brossard",2009,3211.02
"271","brossard",2010,1951.46
"272","brossard",2011,5086.05
"273","brossard",2012,4084.82
"274","brossard",2013,1775.81
"275","brossard",2014,9978.2
"276","brossard",2015,19423.59
"277","brossard",2016,13733.47
"278","burks falls",2008,4130.91
"279","burks falls",2009,19703.51
"280","burks falls",2010,14235.85
"281","burks falls",2011,8555.67
"282","burks falls",2012,15215.89
"283","burks falls",2013,17858.1
"284","burks falls",2014,24534.86
"285","burks falls",2015,30812.64
"286","burks falls",2016,19792.84
"287","burlington",2008,410.05
"288","burlington",2009,25693.14
"289","burlington",2010,48361.15
"290","burlington",2011,72059.23
"291","burlington",2012,78256.3
"292","burlington",2013,93848.28
"293","burlington",2014,84393.02
"294","burlington",2015,76433.5
"295","burlington",2016,52077.28
"296","burnaby",2007,6000.72
"297","burnaby",2008,16472.59
"298","burnaby",2009,27969.25
"299","burnaby",2010,34574.43
"300","burnaby",2011,52628.89
"301","burnaby",2012,53628.58
"302","burnaby",2013,72857.27
"303","burnaby",2014,63582.37
"304","burnaby",2015,64907.56
"305","burnaby",2016,48287.61
"306","caledon",2008,17197.49
"307","caledon",2009,24089.81
"308","caledon",2010,8965.33
"309","caledon",2011,6384.32
"310","caledon",2012,107.24
"311","caledon",2013,1895.86
"312","caledon",2014,7142.63
"313","caledon",2015,11620.2
"314","caledon",2016,8290.5
"315","caledonia",2014,518.98
"316","caledonia",2015,11934.15
"317","caledonia",2016,17950.65
"318","calgary",2007,7199.13
"319","calgary",2008,57257.53
"320","calgary",2009,181983.08
"321","calgary",2010,322719.99
"322","calgary",2011,354610.16
"323","calgary",2012,331996.66
"324","calgary",2013,345879.65
"325","calgary",2014,427968.04
"326","calgary",2015,479996.02
"327","calgary",2016,326919.4
"328","cambridge",2008,10427.55
"329","cambridge",2009,40298.32
"330","cambridge",2010,71647.9
"331","cambridge",2011,73054.54
"332","cambridge",2012,72418.17
"333","cambridge",2013,91575.63
"334","cambridge",2014,101584.52
"335","cambridge",2015,134161.45
"336","cambridge",2016,87061.42
"337","campbell river",2013,3586.01
"338","campbell river",2014,2088.74
"339","campbell river",2015,3684.44
"340","campbell river",2016,5710.78
"341","campbellville",2011,571
"342","campbellville",2013,67.69
"343","camrose",2011,3857.2
"344","camrose",2012,17178.11
"345","camrose",2013,8344.47
"346","camrose",2014,1986.22
"347","camrose",2015,6847.51
"348","camrose",2016,1122.71
"349","candiac",2015,11.72
"350","cannington",2007,6450.79
"351","cannington",2008,9725.98
"352","cannington",2009,7929.42
"353","cannington",2010,3754.18
"354","cannington",2011,2073.47
"355","cannington",2012,3097.48
"356","cannington",2013,5988.53
"357","cannington",2014,15500.08
"358","cannington",2015,26276.7
"359","cannington",2016,14117.93
"360","cardston",2015,3625.86
"361","cardston",2016,19330.59
"362","caronport",2007,6482.43
"363","caronport",2008,9563.65
"364","caronport",2009,9965.64
"365","caronport",2010,13555.96
"366","caronport",2011,19975.12
"367","caronport",2012,18903.11
"368","caronport",2013,18653.38
"369","caronport",2014,20109.85
"370","caronport",2015,22555.1
"371","caronport",2016,14864.97
"372","cbs",2014,31.45
"373","cbs",2015,845.58
"374","cbs",2016,912.75
"375","chateauguay",2013,150
"376","chatham",2009,8910.1
"377","chatham",2010,12981.6
"378","chatham",2011,18122.33
"379","chatham",2012,23427.84
"380","chatham",2013,18843.26
"381","chatham",2014,9634.31
"382","chatham",2015,9932.52
"383","chatham",2016,31816.17
"384","chelmsford",2007,4757.8
"385","chelmsford",2008,50668.39
"386","chelmsford",2009,58630.17
"387","chelmsford",2010,60959.33
"388","chelmsford",2011,77283.51
"389","chelmsford",2012,53510.47
"390","chelmsford",2013,49382.11
"391","chelmsford",2014,44563.42
"392","chelmsford",2015,79174.28
"393","chelmsford",2016,54132
"394","chelsea",2009,3427.27
"395","chelsea",2010,4112.67
"396","chelsea",2011,3542.06
"397","chelsea",2012,1975.65
"398","chelsea",2013,242.59
"399","chestermere",2010,12376.53
"400","chestermere",2011,17138.58
"401","chestermere",2012,17645.29
"402","chestermere",2013,7006.28
"403","chestermere",2014,7582.42
"404","chestermere",2015,11934.17
"405","chestermere",2016,7603
"406","chilliwack",2009,349.47
"407","chilliwack",2010,3350.33
"408","chilliwack",2011,2357.26
"409","chilliwack",2012,6704.09
"410","chilliwack",2013,13242.21
"411","chilliwack",2014,28197.68
"412","chilliwack",2015,18437.21
"413","chilliwack",2016,19156.12
"414","cobble hill",2008,40.29
"415","cobble hill",2009,1520.4
"416","cobble hill",2010,451
"417","cobble hill",2014,112
"418","cobble hill",2015,129.48
"419","cobble hill",2016,1066.65
"420","cobden",2013,3737.59
"421","cobden",2014,11069.78
"422","cobden",2015,22831.15
"423","cobden",2016,12416.69
"424","cobourg",2008,18280.2
"425","cobourg",2009,30283.46
"426","cobourg",2010,33833.31
"427","cobourg",2011,40340.61
"428","cobourg",2012,32709.96
"429","cobourg",2013,33769.79
"430","cobourg",2014,37529.74
"431","cobourg",2015,42993.28
"432","cobourg",2016,32931.17
"433","cochrane",2015,1208.62
"434","cochrane",2016,15.5
"435","cold lake",2009,11093.42
"436","cold lake",2010,15792.3
"437","cold lake",2011,21248.29
"438","cold lake",2012,17366.75
"439","cold lake",2013,19773.57
"440","cold lake",2014,21118.73
"441","cold lake",2015,34886.1
"442","cold lake",2016,16693.51
"443","coldwater",2007,1635.32
"444","coldwater",2008,1904.13
"445","coldwater",2009,48636.26
"446","coldwater",2010,74112.96
"447","coldwater",2011,68013.69
"448","coldwater",2012,69078.12
"449","coldwater",2013,76930.29
"450","coldwater",2014,86702.81
"451","coldwater",2015,95752.74
"452","coldwater",2016,63597.56
"453","collingwood",2008,299.04
"454","collingwood",2009,750.27
"455","collingwood",2010,4419.75
"456","collingwood",2011,1787.11
"457","collingwood",2012,5354.15
"458","collingwood",2013,701.63
"459","collingwood",2014,5180.14
"460","collingwood",2015,13496.81
"461","collingwood",2016,12285.21
"462","concord",2010,15198.15
"463","concord",2011,16145.17
"464","concord",2012,16103.7
"465","concord",2013,19745.78
"466","concord",2014,26288.35
"467","concord",2015,23989.23
"468","concord",2016,19321.55
"469","coquitlam",2008,986.94
"470","coquitlam",2009,941.79
"471","coquitlam",2013,3504.36
"472","coquitlam",2014,10692.16
"473","coquitlam",2015,10688.39
"474","coquitlam",2016,16933.15
"475","cornwall",2008,24395.74
"476","cornwall",2009,50556.98
"477","cornwall",2010,68764.45
"478","cornwall",2011,65767.44
"479","cornwall",2012,70247.97
"480","cornwall",2013,65176.67
"481","cornwall",2014,64504.59
"482","cornwall",2015,70223.91
"483","cornwall",2016,44821.09
"484","courtice",2009,13182.11
"485","courtice",2010,16331.9
"486","courtice",2011,18629.38
"487","courtice",2012,18052.47
"488","courtice",2013,31561.54
"489","courtice",2014,32690.41
"490","courtice",2015,40123.43
"491","courtice",2016,15942.53
"492","dartmouth",2013,562.15
"493","dartmouth",2014,8736.9
"494","dartmouth",2015,6220.62
"495","dartmouth",2016,17518.96
"496","dauphin",2008,6814.97
"497","dauphin",2009,11198.75
"498","dauphin",2010,15026.39
"499","dauphin",2011,11590.9
"500","dauphin",2012,3826.86
"501","dauphin",2013,3186.91
"502","ddo",2011,498.99
"503","ddo",2012,4340.45
"504","ddo",2013,3300.69
"505","ddo",2014,5458.28
"506","ddo",2015,13274.18
"507","ddo",2016,7497.35
"508","debert",2014,3188.42
"509","debert",2015,5075.42
"510","debert",2016,4182.66
"511","delta",2010,186.73
"512","delta",2011,3916.88
"513","delta",2012,12609.71
"514","delta",2013,9826.94
"515","delta",2014,12250.15
"516","delta",2015,27213.66
"517","delta",2016,20677.08
"518","devon",2014,23.98
"519","devon",2015,2341.84
"520","devon",2016,2156.37
"521","dieppe",2015,170.64
"522","dieppe",2016,191.47
"523","dorchester",2012,2107.15
"524","dorchester",2013,45521.84
"525","dorchester",2014,48411.87
"526","dorchester",2015,51469.87
"527","dorchester",2016,29500.34
"528","drumheller",2013,5034.82
"529","drumheller",2014,8136.21
"530","drumheller",2015,8276.24
"531","drumheller",2016,9901.54
"532","duncan",2012,1925.63
"533","duncan",2013,11432.66
"534","duncan",2014,24673.15
"535","duncan",2015,20255.69
"536","duncan",2016,17604.66
"537","dundas",2008,3798.81
"538","dundas",2009,2943.49
"539","dundas",2010,5568.86
"540","dundas",2011,8209.02
"541","dundas",2012,10051.03
"542","dundas",2013,11786.93
"543","dundas",2014,15461.42
"544","dundas",2015,22076.98
"545","dundas",2016,11350.66
"546","dunnville",2008,5918.15
"547","dunnville",2009,10853.66
"548","dunnville",2010,1574.66
"549","dunnville",2011,2890.81
"550","dunnville",2012,430.4
"551","edmonton",2007,2164.57
"552","edmonton",2008,23477.75
"553","edmonton",2009,60973.52
"554","edmonton",2010,136390.16
"555","edmonton",2011,159224.64
"556","edmonton",2012,202328.91
"557","edmonton",2013,256869.34
"558","edmonton",2014,264214.09
"559","edmonton",2015,289229.74
"560","edmonton",2016,179585.37
"561","edson",2008,376.35
"562","edson",2009,9732.65
"563","edson",2010,2204.67
"564","edson",2011,3391.18
"565","edson",2012,6547.74
"566","edson",2013,6400.35
"567","edson",2016,86.17
"568","elmvale",2007,824.51
"569","elmvale",2008,13936.16
"570","elmvale",2009,15747.53
"571","elmvale",2010,14692.26
"572","elmvale",2011,15449.46
"573","elmvale",2012,15339.58
"574","elmvale",2013,20475.21
"575","elmvale",2014,27991.08
"576","elmvale",2015,44648.76
"577","elmvale",2016,34394.1
"578","embrun",2008,18472.17
"579","embrun",2009,45665.89
"580","embrun",2010,40926.41
"581","embrun",2011,43233.58
"582","embrun",2012,33317.31
"583","embrun",2013,34961.69
"584","embrun",2014,45244.68
"585","embrun",2015,57405.84
"586","embrun",2016,42337.94
"587","essex",2016,115.31
"588","etobicoke",2008,678.15
"589","etobicoke",2009,4152.45
"590","etobicoke",2010,9343.26
"591","etobicoke",2011,6841.2
"592","etobicoke",2012,23253.32
"593","etobicoke",2013,44457.24
"594","etobicoke",2014,67415.33
"595","etobicoke",2015,69392.46
"596","etobicoke",2016,51172.85
"597","exeter",2014,392.92
"598","exeter",2015,1003.49
"599","exeter",2016,294.97
"600","fall river",2014,22840.83
"601","fall river",2015,27050.44
"602","fall river",2016,13716.09
"603","fergus",2015,415.16
"604","fergus",2016,247.4
"605","fermont",2015,539.62
"606","fermont",2016,1467.22
"607","fernie",2008,1091.96
"608","fernie",2009,7559.04
"609","fernie",2010,16944.27
"610","fernie",2011,36.27
"611","fernie",2014,110.61
"612","fernie",2015,1780.83
"613","fonthill",2009,1486.32
"614","fonthill",2010,5951.91
"615","fonthill",2011,7979.22
"616","fonthill",2012,11538.77
"617","fonthill",2013,19875.2
"618","fonthill",2014,18514.92
"619","fonthill",2015,17452.43
"620","fonthill",2016,19735.54
"621","fort mcmurray",2014,26266.74
"622","fort mcmurray",2015,9486.37
"623","fort mcmurray",2016,6176.36
"624","fort nelson",2010,1131.31
"625","fort nelson",2011,9217.35
"626","fort nelson",2012,5727.83
"627","fort nelson",2013,2235.37
"628","fort nelson",2014,440.38
"629","fort nelson",2015,437.2
"630","fort nelson",2016,1165
"631","fort saskatchewan",2009,7855.78
"632","fort saskatchewan",2010,29162.45
"633","fort saskatchewan",2011,28205.55
"634","fort saskatchewan",2012,40521.76
"635","fort saskatchewan",2013,34348.99
"636","fort saskatchewan",2014,36628.48
"637","fort saskatchewan",2015,28627.48
"638","fort saskatchewan",2016,18225.09
"639","fort st john",2010,2603.87
"640","fort st john",2011,3480.3
"641","fort st john",2012,29053.38
"642","fort st john",2013,15541.77
"643","fredericton",2014,1692.23
"644","fredericton",2015,9445.02
"645","fredericton",2016,10844.48
"646","fruitvale",2009,74.48
"647","fruitvale",2010,99.34
"648","gananoque",2011,2377.38
"649","gananoque",2012,2697.46
"650","gananoque",2013,7959.1
"651","gananoque",2014,7812.07
"652","gananoque",2015,6209.96
"653","gananoque",2016,1366.64
"654","garson",2010,1706.43
"655","garson",2012,2240.8
"656","garson",2013,6804.03
"657","garson",2014,6697.62
"658","garson",2015,2288.48
"659","garson",2016,733.13
"660","gatineau",2007,12685.98
"661","gatineau",2008,33887.4
"662","gatineau",2009,35368.77
"663","gatineau",2010,52833.2
"664","gatineau",2011,73898.46
"665","gatineau",2012,98709.77
"666","gatineau",2013,95921.19
"667","gatineau",2014,105246.99
"668","gatineau",2015,125638.16
"669","gatineau",2016,88632.62
"670","georgetown",2009,139.44
"671","georgetown",2010,14225.85
"672","georgetown",2011,12911.26
"673","georgetown",2012,8139.17
"674","georgetown",2013,8733.16
"675","georgetown",2014,6564.86
"676","georgetown",2015,3666.92
"677","georgetown",2016,2991.86
"678","glace bay",2015,67.76
"679","glace bay",2016,200.98
"680","golden",2016,323
"681","gormley",2016,39.99
"682","granby",2009,4077.45
"683","granby",2010,6192.77
"684","grande prairie",2008,4862.12
"685","grande prairie",2009,13173.92
"686","grande prairie",2010,9832.96
"687","grande prairie",2011,4504.8
"688","grande prairie",2016,620.41
"689","grandedigue",2015,31.38
"690","grandedigue",2016,134.55
"691","gravenhurst",2010,4734.28
"692","gravenhurst",2011,2149.03
"693","gravenhurst",2012,9416.85
"694","gravenhurst",2013,3790.95
"695","gravenhurst",2014,5160
"696","gravenhurst",2015,579.91
"697","gravenhurst",2016,273.91
"698","greenfield park",2013,912.3
"699","guelph",2007,439.32
"700","guelph",2008,12758.56
"701","guelph",2009,26441.77
"702","guelph",2010,41185.85
"703","guelph",2011,42847.04
"704","guelph",2012,36428.85
"705","guelph",2013,38699.99
"706","guelph",2014,39008.5
"707","guelph",2015,41363.48
"708","guelph",2016,41447.1
"709","halifax",2011,706.37
"710","halifax",2012,845.45
"711","halifax",2013,5251.17
"712","halifax",2014,4203.27
"713","halifax",2015,14689.3
"714","halifax",2016,7886.88
"715","hamilton",2007,2545.78
"716","hamilton",2008,19415.95
"717","hamilton",2009,84386.67
"718","hamilton",2010,112019.57
"719","hamilton",2011,183388.77
"720","hamilton",2012,148639.38
"721","hamilton",2013,128333.64
"722","hamilton",2014,141177.93
"723","hamilton",2015,145305.81
"724","hamilton",2016,111124.9
"725","hanmer",2009,3074.29
"726","hanmer",2010,8315.06
"727","hanmer",2011,9297.16
"728","hanmer",2012,5912.1
"729","hanmer",2013,18585.57
"730","hanmer",2014,10670.41
"731","hanmer",2015,9857.52
"732","hanmer",2016,4998.99
"733","hanover",2011,6602.58
"734","hanover",2012,6564.24
"735","hanover",2013,9074.45
"736","hanover",2014,7186.78
"737","hanover",2015,5430.85
"738","hanover",2016,3385.18
"739","hawkesbury",2008,9243.53
"740","hawkesbury",2009,20820.9
"741","hawkesbury",2010,10723.14
"742","hawkesbury",2011,26253.13
"743","hawkesbury",2012,20593.94
"744","hawkesbury",2013,22383.39
"745","hawkesbury",2014,18287.22
"746","hawkesbury",2015,5761.89
"747","hawkesbury",2016,1840.27
"748","hearst",2009,2995.41
"749","hearst",2010,2941.28
"750","hearst",2011,1704.98
"751","hearst",2012,3603.34
"752","hearst",2013,11642.2
"753","hearst",2014,11299.45
"754","hearst",2015,15400.95
"755","hearst",2016,12114.51
"756","high river",2008,2009.17
"757","high river",2009,4187.32
"758","high river",2010,4715.72
"759","high river",2011,7905.77
"760","high river",2012,13412.97
"761","high river",2013,10616.79
"762","high river",2014,18644.66
"763","high river",2015,32113.46
"764","high river",2016,19467.43
"765","hinton",2011,2193.22
"766","hinton",2012,2801.78
"767","hinton",2013,4568.02
"768","hinton",2014,17263.84
"769","hinton",2015,18300.16
"770","hinton",2016,14743.77
"771","hubbards",2013,2187.78
"772","hubbards",2014,19011.49
"773","hubbards",2015,14557.06
"774","hubbards",2016,11091.04
"775","hudson",2010,11.82
"776","ile bizard",2012,18165.29
"777","ile bizard",2013,37335.49
"778","ile bizard",2014,20709.33
"779","ile bizard",2015,7362.59
"780","ile bizard",2016,3715.87
"781","ingersoll",2015,58.16
"782","ingersoll",2016,136.19
"783","innisfil",2009,9.95
"784","innisfil",2010,363.62
"785","innisfil",2013,461.47
"786","innisfil",2014,1083.15
"787","innisfil",2015,1273.46
"788","innisfil",2016,1064.14
"789","kahnawake",2016,55.5
"790","kamloops",2008,18327.37
"791","kamloops",2009,16499.21
"792","kamloops",2010,23298.83
"793","kamloops",2011,34150.95
"794","kamloops",2012,36814.73
"795","kamloops",2013,46138.48
"796","kamloops",2014,57954.05
"797","kamloops",2015,61360.69
"798","kamloops",2016,49485.31
"799","kanata",2009,5773.37
"800","kanata",2010,6389.32
"801","kanata",2011,3272.46
"802","kanata",2012,5158.97
"803","kanata",2013,11766.64
"804","kanata",2014,10325.88
"805","kanata",2015,16117.96
"806","kanata",2016,5242.69
"807","kapuskasing",2009,2764.91
"808","kapuskasing",2010,2686.07
"809","kapuskasing",2011,2966.9
"810","kapuskasing",2012,4553.72
"811","keewatin",2013,11807.01
"812","keewatin",2014,19613.07
"813","keewatin",2015,11553.02
"814","keewatin",2016,12063.53
"815","kelowna",2007,2425.17
"816","kelowna",2008,2408.74
"817","kelowna",2009,25083.1
"818","kelowna",2010,51017.27
"819","kelowna",2011,41008.71
"820","kelowna",2012,50151.42
"821","kelowna",2013,48297.07
"822","kelowna",2014,46653.69
"823","kelowna",2015,35067.15
"824","kelowna",2016,20602.16
"825","kemptville",2007,5718.18
"826","kemptville",2008,15983.5
"827","kemptville",2009,14825.62
"828","kemptville",2010,20042.67
"829","kemptville",2011,19849.46
"830","kemptville",2012,16780.84
"831","kemptville",2013,13309.83
"832","kemptville",2014,11607.25
"833","kemptville",2015,10223.82
"834","kemptville",2016,6968.93
"835","kensington",2015,79.99
"836","kensington",2016,354.78
"837","keswick",2008,3321.99
"838","keswick",2009,20944.02
"839","keswick",2010,75113.55
"840","keswick",2011,71522.71
"841","keswick",2012,80539.22
"842","keswick",2013,68104.95
"843","keswick",2014,69697.84
"844","keswick",2015,71328.12
"845","keswick",2016,44249.49
"846","kincardine",2007,2633.47
"847","kincardine",2008,9088.32
"848","kincardine",2009,11738.58
"849","kincardine",2010,17736.75
"850","kincardine",2011,18014.53
"851","kincardine",2012,4688.06
"852","kincardine",2013,9479.39
"853","kincardine",2014,13408.01
"854","kincardine",2015,19168.56
"855","kincardine",2016,7543.62
"856","king city",2016,53.49
"857","kingston",2008,3195.49
"858","kingston",2009,24888.82
"859","kingston",2010,26441.85
"860","kingston",2011,41354.84
"861","kingston",2012,21498.73
"862","kingston",2013,21842.8
"863","kingston",2014,23235.96
"864","kingston",2015,24516.6
"865","kingston",2016,11319.62
"866","kinistino",2010,15458.76
"867","kinistino",2011,24067.08
"868","kinistino",2012,37332.24
"869","kinistino",2013,25165.36
"870","kinistino",2014,7231.36
"871","kinistino",2015,15591.85
"872","kinistino",2016,15916.71
"873","kitchener",2007,3372.32
"874","kitchener",2008,9837.28
"875","kitchener",2009,26644.98
"876","kitchener",2010,47580.69
"877","kitchener",2011,39752.38
"878","kitchener",2012,43270.57
"879","kitchener",2013,57852.35
"880","kitchener",2014,49714.96
"881","kitchener",2015,55989.03
"882","kitchener",2016,51985.44
"883","la salle",2007,3729.44
"884","la salle",2008,12426.08
"885","la salle",2009,12648.08
"886","la salle",2010,10734.74
"887","la salle",2011,5802.42
"888","la salle",2012,9047.42
"889","la salle",2013,19908.74
"890","la salle",2014,100
"891","la salle",2015,988.19
"892","la salle",2016,580.36
"893","lac la biche",2011,19073.87
"894","lac la biche",2012,27233.16
"895","lac la biche",2013,430.94
"896","lac la biche",2014,3779.12
"897","lac la biche",2015,4727.22
"898","lac la biche",2016,3315.81
"899","lachine",2012,1313.3
"900","lachine",2013,1562.48
"901","lachine",2014,969.87
"902","lachine",2015,216.31
"903","lachine",2016,4522.78
"904","langley",2008,3776.16
"905","langley",2009,12420.29
"906","langley",2010,27585.07
"907","langley",2011,21054.45
"908","langley",2012,39162.29
"909","langley",2013,24498.82
"910","langley",2014,12423.16
"911","langley",2015,25142.8
"912","langley",2016,13251.11
"913","lasalle",2009,3851.84
"914","lasalle",2010,19177.46
"915","lasalle",2011,19567.91
"916","lasalle",2012,28554.89
"917","lasalle",2013,27183.46
"918","lasalle",2014,48681.37
"919","lasalle",2015,43506.39
"920","lasalle",2016,21242.31
"921","laval",2007,983.34
"922","laval",2008,9402.61
"923","laval",2009,9416.57
"924","laval",2010,19630.79
"925","laval",2011,27847
"926","laval",2012,27115.6
"927","laval",2013,55921.16
"928","laval",2014,62365.42
"929","laval",2015,68565.21
"930","laval",2016,35529.24
"931","leduc",2007,5747.74
"932","leduc",2008,15667.45
"933","leduc",2009,20237.16
"934","leduc",2010,18501.85
"935","leduc",2011,21780.28
"936","leduc",2012,12838.72
"937","leduc",2013,3077.96
"938","leduc",2014,31160.07
"939","leduc",2015,39932.08
"940","leduc",2016,21349.48
"941","lethbridge",2008,6653.94
"942","lethbridge",2009,23723.72
"943","lethbridge",2010,35652.99
"944","lethbridge",2011,43770.21
"945","lethbridge",2012,81278.81
"946","lethbridge",2013,62861.89
"947","lethbridge",2014,62791.59
"948","lethbridge",2015,65237.12
"949","lethbridge",2016,55914.35
"950","lewisporte",2014,1957.01
"951","lewisporte",2015,357.44
"952","lindsay",2010,6888.04
"953","lindsay",2011,5103.49
"954","lindsay",2012,6597.82
"955","lindsay",2013,7786.65
"956","lindsay",2014,877.77
"957","lindsay",2015,10775.94
"958","lindsay",2016,8858.62
"959","little britain",2011,654.52
"960","little britain",2012,1202.21
"961","little britain",2013,10800.09
"962","little britain",2014,19154.57
"963","little britain",2015,41704.32
"964","little britain",2016,35106
"965","lively",2008,219.59
"966","lively",2009,3197.84
"967","lively",2010,3713.92
"968","lively",2011,11924.55
"969","lively",2012,11012.26
"970","lively",2013,10204.86
"971","lively",2014,8335.04
"972","lively",2015,16031.61
"973","lively",2016,16747.49
"974","liverpool",2015,2705.65
"975","liverpool",2016,1994.65
"976","lloydminster",2009,17139.86
"977","lloydminster",2010,30725.94
"978","lloydminster",2011,36491.99
"979","lloydminster",2012,53742.27
"980","lloydminster",2013,50933.25
"981","lloydminster",2014,65767.23
"982","lloydminster",2015,52931.85
"983","lloydminster",2016,46452.04
"984","london",2007,6375.62
"985","london",2008,76640.57
"986","london",2009,140697.27
"987","london",2010,170625.37
"988","london",2011,235280.04
"989","london",2012,211645.23
"990","london",2013,185841.06
"991","london",2014,196851.88
"992","london",2015,221086.57
"993","london",2016,135074.2
"994","longueuil",2013,239.97
"995","longueuil",2015,28.72
"996","lorette",2008,3433.29
"997","lorette",2009,4618.68
"998","lorette",2010,6868.82
"999","lorette",2011,14909.34
"1000","lorette",2012,22563.23
"1001","lorette",2013,32843.39
"1002","lorette",2014,26577.13
"1003","lorette",2015,6878.42
"1004","lorette",2016,2344.78
"1005","lorraine",2008,21030.93
"1006","lorraine",2009,11291.46
"1007","lorraine",2010,5476.41
"1008","lorraine",2011,2275.9
"1009","lower coverdale",2015,5.99
"1010","lower coverdale",2016,1058.84
"1011","lower sackville",2015,24.7
"1012","lower sackville",2016,179.4
"1013","lumby",2014,119.96
"1014","lumby",2015,396.1
"1015","lumby",2016,30.35
"1016","lytton",2007,4341.39
"1017","lytton",2008,3608.18
"1018","lytton",2009,3005.54
"1019","lytton",2010,4847.65
"1020","lytton",2011,7017.67
"1021","lytton",2012,7466.2
"1022","lytton",2013,7121.18
"1023","lytton",2014,4216.38
"1024","lytton",2015,8338.02
"1025","lytton",2016,8717.2
"1026","macgregor",2008,10507.58
"1027","macgregor",2009,11198.98
"1028","macgregor",2010,13671.74
"1029","macgregor",2011,15294.97
"1030","macgregor",2012,15079.01
"1031","macgregor",2013,15877.27
"1032","macgregor",2014,17927.29
"1033","macgregor",2015,14990.18
"1034","macgregor",2016,12431.86
"1035","mackenzie",2009,5.2
"1036","mackenzie",2010,323.58
"1037","mackenzie",2011,276.46
"1038","mackenzie",2015,6889.63
"1039","mackenzie",2016,6988.94
"1040","maniwaki",2011,3145.54
"1041","maniwaki",2012,7852.78
"1042","maniwaki",2013,11532.76
"1043","maniwaki",2014,6837.24
"1044","maniwaki",2015,7486.19
"1045","maniwaki",2016,6713.63
"1046","maple",2010,15299.14
"1047","maple",2011,15773.66
"1048","maple",2012,13563.27
"1049","maple",2013,10656.84
"1050","maple",2014,25962.09
"1051","maple",2015,12548.3
"1052","maple",2016,7930.07
"1053","maple ridge",2010,23119.99
"1054","maple ridge",2011,17117.88
"1055","maple ridge",2012,44572.58
"1056","maple ridge",2013,24936.85
"1057","maple ridge",2014,32347.42
"1058","maple ridge",2015,22556.06
"1059","maple ridge",2016,9183.12
"1060","marathon",2010,3540.98
"1061","marathon",2011,10407.95
"1062","marathon",2012,11500.82
"1063","marathon",2013,23219.9
"1064","marathon",2014,10405.52
"1065","marathon",2015,21503.62
"1066","marathon",2016,11878.64
"1067","markham",2008,4378.69
"1068","markham",2009,17368.49
"1069","markham",2010,35122.04
"1070","markham",2011,46142.68
"1071","markham",2012,41156.59
"1072","markham",2013,44789.24
"1073","markham",2014,38706.01
"1074","markham",2015,58532.81
"1075","markham",2016,42412.81
"1076","martensville",2009,4175.23
"1077","martensville",2010,21287.52
"1078","martensville",2011,23285.55
"1079","martensville",2012,26075.14
"1080","martensville",2013,31716.42
"1081","martensville",2014,11841.29
"1082","martensville",2015,18777.59
"1083","martensville",2016,15835.27
"1084","meaford",2007,10313.14
"1085","meaford",2008,14406.49
"1086","meaford",2009,17135.46
"1087","meaford",2010,15200.79
"1088","meaford",2011,15190.32
"1089","meaford",2012,14260.6
"1090","meaford",2013,14512.22
"1091","meaford",2014,14477.79
"1092","meaford",2015,14008.81
"1093","meaford",2016,13606.01
"1094","medicine hat",2008,214.56
"1095","medicine hat",2009,6375.1
"1096","medicine hat",2010,10234.67
"1097","medicine hat",2011,14098.8
"1098","medicine hat",2012,22276.06
"1099","medicine hat",2013,33134.21
"1100","medicine hat",2014,31861.31
"1101","medicine hat",2015,15328.9
"1102","medicine hat",2016,15959.55
"1103","melfort",2008,4646.25
"1104","melfort",2009,32203.16
"1105","melfort",2010,33906.49
"1106","melfort",2011,20949.29
"1107","melfort",2012,36835.3
"1108","melfort",2013,34218.8
"1109","melfort",2014,5548.82
"1110","melfort",2015,9084.4
"1111","melfort",2016,4880.35
"1112","mercier",2012,7863.15
"1113","mercier",2013,12089.01
"1114","mercier",2014,11687.57
"1115","mercier",2015,16503.85
"1116","mercier",2016,4207.15
"1117","middle sackville",2013,4901.46
"1118","middle sackville",2014,17365.56
"1119","middle sackville",2015,24575.17
"1120","middle sackville",2016,9187.43
"1121","midland",2007,1078.36
"1122","midland",2008,2182.45
"1123","midland",2009,4699.73
"1124","midland",2010,8073.85
"1125","midland",2011,5418.64
"1126","midland",2012,4130.32
"1127","midland",2013,5520.13
"1128","midland",2014,7914.88
"1129","midland",2015,27736.02
"1130","midland",2016,20652.01
"1131","milton",2007,1791.84
"1132","milton",2008,18980.84
"1133","milton",2009,59217.68
"1134","milton",2010,64232.17
"1135","milton",2011,55756.67
"1136","milton",2012,51319.14
"1137","milton",2013,50870.72
"1138","milton",2014,40650.13
"1139","milton",2015,62221.72
"1140","milton",2016,35617.64
"1141","mission",2011,113.86
"1142","mission",2012,1607.8
"1143","mission",2014,196.98
"1144","mission",2015,39.99
"1145","mission",2016,1651.88
"1146","mississauga",2007,3045.73
"1147","mississauga",2008,29374.88
"1148","mississauga",2009,132272.83
"1149","mississauga",2010,194932.97
"1150","mississauga",2011,240024.47
"1151","mississauga",2012,239424.97
"1152","mississauga",2013,246710.15
"1153","mississauga",2014,273114.05
"1154","mississauga",2015,291291.7
"1155","mississauga",2016,205880.96
"1156","mitchell",2010,11545.44
"1157","mitchell",2011,23689.4
"1158","mitchell",2012,26622.42
"1159","mitchell",2013,26302.07
"1160","mitchell",2014,32122.45
"1161","mitchell",2015,37706.06
"1162","mitchell",2016,21335.36
"1163","moncton",2014,1751.24
"1164","moncton",2015,7374.94
"1165","moncton",2016,8799.81
"1166","montreal",2007,8430.62
"1167","montreal",2008,41498.99
"1168","montreal",2009,59145.02
"1169","montreal",2010,82140.96
"1170","montreal",2011,144861.29
"1171","montreal",2012,154664.07
"1172","montreal",2013,104608.26
"1173","montreal",2014,122612.15
"1174","montreal",2015,173803.14
"1175","montreal",2016,74822.82
"1176","moose jaw",2010,20625.24
"1177","moose jaw",2011,15369.39
"1178","moose jaw",2012,21354.1
"1179","moose jaw",2013,26506.53
"1180","moose jaw",2014,27467.59
"1181","moose jaw",2015,50460.58
"1182","moose jaw",2016,23218.17
"1183","morinville",2009,11845.52
"1184","morinville",2010,12447.6
"1185","morinville",2011,14334.09
"1186","morinville",2012,20714.09
"1187","morinville",2013,19790.61
"1188","morinville",2014,20969.7
"1189","morinville",2015,14149.87
"1190","morinville",2016,12531.73
"1191","morley",2008,4872.99
"1192","morley",2009,12388.09
"1193","morley",2010,6942.98
"1194","morley",2011,11313.92
"1195","morley",2012,9536.59
"1196","morley",2013,23064.44
"1197","morley",2014,19771.11
"1198","morley",2015,24288.81
"1199","morley",2016,8686.96
"1200","mount forest",2008,19101.77
"1201","mount forest",2009,30441.88
"1202","mount forest",2010,23397.66
"1203","mount forest",2011,16439.26
"1204","mount forest",2012,16528.03
"1205","mount forest",2013,33909.48
"1206","mount forest",2014,50819.06
"1207","mount forest",2015,73987.12
"1208","mount forest",2016,42896.16
"1209","nanaimo",2008,885.55
"1210","nanaimo",2009,2687.66
"1211","nanaimo",2010,7035.06
"1212","nanaimo",2011,6191.1
"1213","nanaimo",2012,5772.09
"1214","nanaimo",2013,7185.98
"1215","nanaimo",2014,5851.92
"1216","nanaimo",2015,74.98
"1217","napanee",2007,595.41
"1218","napanee",2008,8697.24
"1219","napanee",2009,17931.97
"1220","napanee",2010,9637.77
"1221","napanee",2011,4642.18
"1222","napanee",2012,12912.28
"1223","napanee",2013,9790.06
"1224","napanee",2014,7608.21
"1225","napanee",2015,13650.23
"1226","napanee",2016,1193.19
"1227","napierville",2013,129.34
"1228","napierville",2014,545.43
"1229","napierville",2015,294.74
"1230","neguac",2009,16934.54
"1231","neguac",2010,15985.54
"1232","neguac",2011,22407.78
"1233","neguac",2012,23071.41
"1234","neguac",2013,21331.81
"1235","neguac",2014,16167.05
"1236","neguac",2015,14350.32
"1237","neguac",2016,9126.56
"1238","nepean",2008,3842.23
"1239","nepean",2009,9000.61
"1240","nepean",2010,11750.98
"1241","nepean",2011,9798.19
"1242","nepean",2012,7965.01
"1243","nepean",2013,22855.85
"1244","nepean",2014,21510.38
"1245","nepean",2015,28639.28
"1246","nepean",2016,27045.76
"1247","new glasgow",2014,5748.93
"1248","new glasgow",2015,9202.99
"1249","new glasgow",2016,8634.45
"1250","new hamburg",2009,8984.36
"1251","new hamburg",2010,14060.8
"1252","new hamburg",2011,16859.34
"1253","new hamburg",2012,13219.68
"1254","new hamburg",2013,13818.81
"1255","new hamburg",2014,19736.2
"1256","new hamburg",2015,8413.44
"1257","new hamburg",2016,7857.91
"1258","new liskeard",2009,699.23
"1259","new liskeard",2010,1195.8
"1260","new liskeard",2011,2600.24
"1261","new liskeard",2012,1701.42
"1262","new liskeard",2013,2324.38
"1263","new liskeard",2014,1332.26
"1264","new liskeard",2015,1069.71
"1265","new liskeard",2016,1020.5
"1266","new waterford",2014,1267.44
"1267","new waterford",2015,29434.29
"1268","new waterford",2016,18234.29
"1269","new westminster",2009,1859.56
"1270","new westminster",2010,6621.86
"1271","new westminster",2011,1023.57
"1272","new westminster",2012,2827.88
"1273","new westminster",2013,8203.23
"1274","new westminster",2014,11073.19
"1275","new westminster",2015,12368.25
"1276","new westminster",2016,8175.87
"1277","newmarket",2009,8945.33
"1278","newmarket",2010,37401.38
"1279","newmarket",2011,32816.14
"1280","newmarket",2012,44925.51
"1281","newmarket",2013,57194.87
"1282","newmarket",2014,41313.15
"1283","newmarket",2015,30810.25
"1284","newmarket",2016,26785.89
"1285","niagara falls",2007,1007.14
"1286","niagara falls",2008,2200.66
"1287","niagara falls",2009,5148.91
"1288","niagara falls",2010,2963.64
"1289","niagara falls",2011,4316
"1290","niagara falls",2012,4123.37
"1291","niagara falls",2013,23332.2
"1292","niagara falls",2014,34800.06
"1293","niagara falls",2015,38632.32
"1294","niagara falls",2016,19359.74
"1295","north battleford",2014,1937.66
"1296","north battleford",2015,7306.42
"1297","north battleford",2016,6755.93
"1298","north bay",2008,44.73
"1299","north bay",2009,20262.95
"1300","north bay",2010,8165.56
"1301","north bay",2011,4846.78
"1302","north bay",2012,10540.29
"1303","north bay",2013,86713.49
"1304","north bay",2014,97834.3
"1305","north bay",2015,107104.24
"1306","north bay",2016,72853.63
"1307","north sydney",2008,3933.14
"1308","north sydney",2009,4680.02
"1309","north sydney",2010,9020.16
"1310","north sydney",2011,12025.55
"1311","north sydney",2012,296.01
"1312","north sydney",2013,68.33
"1313","north sydney",2014,250.07
"1314","north sydney",2015,484.45
"1315","north sydney",2016,19.5
"1316","north vancouver",2011,17.02
"1317","north vancouver",2012,2317.34
"1318","north vancouver",2013,3011.16
"1319","north vancouver",2014,39.99
"1320","north vancouver",2015,165.96
"1321","north vancouver",2016,62.97
"1322","norton",2009,1093.78
"1323","norton",2010,2984.76
"1324","norton",2016,8072.88
"1325","oakville",2008,1689.74
"1326","oakville",2009,25658.8
"1327","oakville",2010,58025.5
"1328","oakville",2011,57185.08
"1329","oakville",2012,38577.06
"1330","oakville",2013,57106.22
"1331","oakville",2014,41455.29
"1332","oakville",2015,60866.45
"1333","oakville",2016,41713.5
"1334","odessa",2014,199.98
"1335","odessa",2015,6863.58
"1336","odessa",2016,154.08
"1337","okotoks",2008,6008.32
"1338","okotoks",2009,11767.17
"1339","okotoks",2010,12389.85
"1340","okotoks",2011,16463.98
"1341","okotoks",2013,1978.21
"1342","okotoks",2014,1676.54
"1343","okotoks",2015,495.43
"1344","okotoks",2016,1.28
"1345","onoway",2009,10925.24
"1346","onoway",2010,12848.31
"1347","onoway",2011,11957.11
"1348","onoway",2012,13723.03
"1349","onoway",2013,19423.25
"1350","onoway",2014,13406.1
"1351","onoway",2015,14903.39
"1352","onoway",2016,9021.87
"1353","orangeville",2008,3269.79
"1354","orangeville",2009,16879.1
"1355","orangeville",2010,16337.21
"1356","orangeville",2011,20185.29
"1357","orangeville",2012,13004.26
"1358","orangeville",2013,10537.9
"1359","orangeville",2014,8672.01
"1360","orangeville",2015,16667.79
"1361","orangeville",2016,10173.58
"1362","orillia",2008,2279.05
"1363","orillia",2009,5343.28
"1364","orillia",2010,7609.38
"1365","orillia",2011,9497.15
"1366","orillia",2012,7600.5
"1367","orillia",2013,12743.62
"1368","orillia",2014,34813.95
"1369","orillia",2015,44623.01
"1370","orillia",2016,9937.54
"1371","orleans",2008,19228.26
"1372","orleans",2009,37963.6
"1373","orleans",2010,59370.57
"1374","orleans",2011,86106.54
"1375","orleans",2012,96601.82
"1376","orleans",2013,94698.63
"1377","orleans",2014,85922.51
"1378","orleans",2015,95545.6
"1379","orleans",2016,59873.11
"1380","oshawa",2008,3461.35
"1381","oshawa",2009,49897.18
"1382","oshawa",2010,81648.3
"1383","oshawa",2011,80322.77
"1384","oshawa",2012,83640.84
"1385","oshawa",2013,85014.44
"1386","oshawa",2014,85090.09
"1387","oshawa",2015,77350.79
"1388","oshawa",2016,52192.14
"1389","ottawa",2007,5944.5
"1390","ottawa",2008,24998.68
"1391","ottawa",2009,107344.2
"1392","ottawa",2010,172331.73
"1393","ottawa",2011,230944.07
"1394","ottawa",2012,289689.75
"1395","ottawa",2013,269640.99
"1396","ottawa",2014,308982.4
"1397","ottawa",2015,332314.54
"1398","ottawa",2016,235765.43
"1399","owen sound",2008,44677.39
"1400","owen sound",2009,79948
"1401","owen sound",2010,77375.64
"1402","owen sound",2011,78630.59
"1403","owen sound",2012,102246.42
"1404","owen sound",2013,88125.09
"1405","owen sound",2014,75139.22
"1406","owen sound",2015,83830.04
"1407","owen sound",2016,63111.78
"1408","paradise",2015,539.4
"1409","paradise",2016,831.52
"1410","parksville",2009,2856.39
"1411","parksville",2010,4374.97
"1412","parksville",2011,8209.82
"1413","parksville",2012,26624.26
"1414","parksville",2013,19099.41
"1415","parksville",2014,16703.88
"1416","parksville",2015,6296.83
"1417","parksville",2016,4578.68
"1418","parry sound",2009,2943.69
"1419","parry sound",2010,785.57
"1420","parry sound",2015,566.03
"1421","parry sound",2016,82.33
"1422","pelican narrows",2009,205.71
"1423","pemberton",2008,1859.08
"1424","pemberton",2009,9016.75
"1425","pemberton",2010,4736.59
"1426","pemberton",2011,3181.02
"1427","pemberton",2012,3381.41
"1428","pemberton",2013,13199.4
"1429","pemberton",2014,18996.6
"1430","pemberton",2015,22943.16
"1431","pemberton",2016,14209.3
"1432","pembroke",2011,13898.84
"1433","pembroke",2012,276.87
"1434","penetanguishene",2007,1085.82
"1435","penetanguishene",2008,9764.99
"1436","penetanguishene",2009,18974.27
"1437","penetanguishene",2010,21030.52
"1438","penetanguishene",2011,27642.41
"1439","penetanguishene",2012,27960.55
"1440","penetanguishene",2013,24705.3
"1441","penetanguishene",2014,10367.95
"1442","penetanguishene",2015,1036.85
"1443","penetanguishene",2016,825.55
"1444","pennfield",2011,799.49
"1445","pennfield",2012,3380.07
"1446","pennfield",2013,2840.64
"1447","pennfield",2014,2788.14
"1448","pennfield",2015,5180.61
"1449","pennfield",2016,10642
"1450","peterborough",2009,5548.15
"1451","peterborough",2010,11685.47
"1452","peterborough",2011,6527.5
"1453","peterborough",2012,9150.33
"1454","peterborough",2013,14967.26
"1455","peterborough",2014,16020.21
"1456","peterborough",2015,18780.47
"1457","peterborough",2016,15506.4
"1458","petrolia",2008,1296.06
"1459","petrolia",2009,7997.78
"1460","petrolia",2010,7621.13
"1461","petrolia",2011,11218.94
"1462","petrolia",2012,25795.98
"1463","petrolia",2013,40360.64
"1464","petrolia",2014,43677.85
"1465","petrolia",2015,18569.24
"1466","petrolia",2016,8833.93
"1467","pickering",2008,774.27
"1468","pickering",2009,7589.18
"1469","pickering",2010,29484.27
"1470","pickering",2011,51298.65
"1471","pickering",2012,40925.42
"1472","pickering",2013,33674.16
"1473","pickering",2014,13320.09
"1474","pickering",2015,24394.92
"1475","pickering",2016,20655.49
"1476","picton",2008,7734.09
"1477","picton",2009,23321.86
"1478","picton",2010,37045.72
"1479","picton",2011,37898.49
"1480","picton",2012,32597.73
"1481","picton",2013,29105.15
"1482","picton",2014,26089.49
"1483","picton",2015,29607.9
"1484","picton",2016,21972.84
"1485","pierrefonds",2008,1181.11
"1486","pierrefonds",2009,4740.78
"1487","pierrefonds",2010,6819.63
"1488","pierrefonds",2011,6460.97
"1489","pierrefonds",2012,8440.48
"1490","pierrefonds",2013,9735.23
"1491","pierrefonds",2014,7934.03
"1492","pierrefonds",2015,8080.96
"1493","pierrefonds",2016,5849.71
"1494","pilot butte",2007,9647.64
"1495","pilot butte",2008,42611.33
"1496","pilot butte",2009,41105.08
"1497","pilot butte",2010,37536.94
"1498","pilot butte",2011,39401.76
"1499","pilot butte",2012,44308.41
"1500","pilot butte",2013,46632.53
"1501","pilot butte",2014,41766.07
"1502","pilot butte",2015,37019.34
"1503","pilot butte",2016,26721.07
"1504","pointeclaire",2010,170.16
"1505","pointeclaire",2014,3176.1
"1506","pointeclaire",2015,8242.49
"1507","pointeclaire",2016,15.01
"1508","port alberni",2008,10005.72
"1509","port alberni",2009,14199.33
"1510","port alberni",2010,15722.92
"1511","port alberni",2011,21022.79
"1512","port alberni",2012,22932.17
"1513","port alberni",2013,33037.59
"1514","port alberni",2014,19247.24
"1515","port alberni",2015,20828.51
"1516","port alberni",2016,13874.99
"1517","port coquitlam",2007,3434.39
"1518","port coquitlam",2008,12854.63
"1519","port coquitlam",2009,24365.31
"1520","port coquitlam",2010,24713
"1521","port coquitlam",2011,23368.89
"1522","port coquitlam",2012,33214.64
"1523","port coquitlam",2013,40891.17
"1524","port coquitlam",2014,41227.78
"1525","port coquitlam",2015,48646.76
"1526","port coquitlam",2016,32925.38
"1527","port dover",2011,37.62
"1528","port dover",2012,2462.17
"1529","port dover",2013,12711.51
"1530","port dover",2014,1745.75
"1531","port dover",2015,156.86
"1532","port elgin",2009,10213.84
"1533","port elgin",2010,59867.27
"1534","port elgin",2011,64655.44
"1535","port elgin",2012,62752.97
"1536","port elgin",2013,60678.99
"1537","port elgin",2014,64596.2
"1538","port elgin",2015,48262.54
"1539","port elgin",2016,31676.41
"1540","port hope",2007,20
"1541","port hope",2016,368.33
"1542","port moody",2008,2013.06
"1543","port moody",2009,3049.5
"1544","port moody",2010,6395.47
"1545","port moody",2011,2703.16
"1546","port moody",2012,1234.57
"1547","port moody",2013,6451.65
"1548","port moody",2014,17687.03
"1549","port moody",2015,25652.52
"1550","port moody",2016,10909.88
"1551","port perry",2013,2931.76
"1552","port perry",2014,5536.06
"1553","port perry",2015,4503.75
"1554","port perry",2016,2484.94
"1555","powassan",2008,9272.46
"1556","powassan",2009,12388.41
"1557","powassan",2010,12053.57
"1558","powassan",2011,6093.66
"1559","powassan",2012,2212.04
"1560","powassan",2013,3433.26
"1561","powassan",2014,3896.6
"1562","powassan",2015,7853.54
"1563","powassan",2016,5066.06
"1564","powell river",2008,557.13
"1565","powell river",2009,3558.15
"1566","powell river",2010,1044.75
"1567","prescott",2015,395.98
"1568","prince albert",2007,3972.08
"1569","prince albert",2008,17029.52
"1570","prince albert",2009,15216.05
"1571","prince albert",2010,17454.47
"1572","prince albert",2011,20461.96
"1573","prince albert",2012,8471.38
"1574","prince albert",2013,27862.45
"1575","prince albert",2014,37652.35
"1576","prince albert",2015,27656.21
"1577","prince albert",2016,18612.44
"1578","prince george",2008,13246.63
"1579","prince george",2009,34412.83
"1580","prince george",2010,44814.37
"1581","prince george",2011,45015.2
"1582","prince george",2012,52349.76
"1583","prince george",2013,74500.33
"1584","prince george",2014,80800.58
"1585","prince george",2015,108748.4
"1586","prince george",2016,73417.71
"1587","prince rupert",2010,2406.79
"1588","prince rupert",2011,3670.02
"1589","prince rupert",2012,7321.92
"1590","prince rupert",2013,6649.04
"1591","prince rupert",2014,9731.67
"1592","prince rupert",2015,9184.45
"1593","prince rupert",2016,5988.23
"1594","princeton",2011,2334.71
"1595","princeton",2012,392.49
"1596","princeton",2013,988.42
"1597","princeton",2014,1805.56
"1598","princeton",2015,1256.6
"1599","princeton",2016,1277.73
"1600","quebec",2008,3755.05
"1601","quebec",2009,7729.33
"1602","quebec",2010,13412.61
"1603","quebec",2011,22582.13
"1604","quebec",2012,56773.37
"1605","quebec",2013,52328.2
"1606","quebec",2014,56470.12
"1607","quebec",2015,47800.51
"1608","quebec",2016,24472.01
"1609","quesnel",2009,9664.67
"1610","quesnel",2010,9592.98
"1611","quesnel",2011,5808.49
"1612","red deer",2007,7942.59
"1613","red deer",2008,23126.91
"1614","red deer",2009,24391.61
"1615","red deer",2010,34829.41
"1616","red deer",2011,41460.1
"1617","red deer",2012,41621.17
"1618","red deer",2013,33732.37
"1619","red deer",2014,34166.82
"1620","red deer",2015,38321.6
"1621","red deer",2016,24515.28
"1622","red lake",2009,3503.5
"1623","red lake",2010,3387.1
"1624","red lake",2011,437.82
"1625","red lake",2012,970.68
"1626","red lake",2013,744.1
"1627","red lake",2014,267.78
"1628","red lake",2015,93.79
"1629","red lake",2016,726.09
"1630","regina",2008,3082.87
"1631","regina",2009,23294.34
"1632","regina",2010,25707.97
"1633","regina",2011,26244.8
"1634","regina",2012,34536.87
"1635","regina",2013,19775.06
"1636","regina",2014,34623.86
"1637","regina",2015,61818.35
"1638","regina",2016,27009.21
"1639","renfrew",2012,6194.82
"1640","renfrew",2013,13539.62
"1641","renfrew",2014,14588.04
"1642","renfrew",2015,18025.79
"1643","renfrew",2016,11642.55
"1644","renous",2008,953.18
"1645","renous",2009,3988.38
"1646","renous",2010,2731.12
"1647","repentigny",2008,3293.36
"1648","repentigny",2009,9691.18
"1649","repentigny",2010,13018.37
"1650","repentigny",2011,12677.93
"1651","repentigny",2012,11127.37
"1652","repentigny",2013,12098.97
"1653","repentigny",2014,11316.14
"1654","repentigny",2015,5786.5
"1655","repentigny",2016,3217.27
"1656","richmond",2009,1436.27
"1657","richmond",2010,12371.5
"1658","richmond",2011,32876.16
"1659","richmond",2012,31739.07
"1660","richmond",2013,38494.94
"1661","richmond",2014,56947.02
"1662","richmond",2015,33158.5
"1663","richmond",2016,21161.67
"1664","richmond hill",2007,418.17
"1665","richmond hill",2008,7768.42
"1666","richmond hill",2009,33756.46
"1667","richmond hill",2010,43913.95
"1668","richmond hill",2011,73630.02
"1669","richmond hill",2012,90648.46
"1670","richmond hill",2013,93323.55
"1671","richmond hill",2014,120500.06
"1672","richmond hill",2015,118499.67
"1673","richmond hill",2016,88864.04
"1674","riverview",2015,41.79
"1675","riverview",2016,90.47
"1676","rockwood",2008,12042.94
"1677","rockwood",2009,13476.36
"1678","rockwood",2010,35870.68
"1679","rockwood",2011,30531.71
"1680","rockwood",2012,49210.91
"1681","rockwood",2013,74104.54
"1682","rockwood",2014,83199.31
"1683","rockwood",2015,84761.56
"1684","rockwood",2016,47982.71
"1685","rocky mtn house",2013,12149.58
"1686","rocky mtn house",2014,17344.93
"1687","rocky mtn house",2015,20979.1
"1688","rocky mtn house",2016,109.99
"1689","rosetown",2007,3782.14
"1690","rosetown",2008,5316.34
"1691","rosetown",2009,10041.36
"1692","rosetown",2010,6454.61
"1693","rosetown",2011,17590.9
"1694","rosetown",2012,6534.92
"1695","rosetown",2013,6627.4
"1696","rosetown",2014,9218.32
"1697","rosetown",2015,10234.13
"1698","rosetown",2016,10035.04
"1699","rouynnoranda",2012,35.68
"1700","russell",2014,739
"1701","russell",2015,1790.57
"1702","russell",2016,408.73
"1703","saanichton",2008,2015.9
"1704","saanichton",2009,14843.59
"1705","saanichton",2010,21334.92
"1706","saanichton",2011,23498
"1707","saanichton",2012,6563.89
"1708","saanichton",2013,24296.8
"1709","saanichton",2014,26946.53
"1710","saanichton",2015,30777.25
"1711","saanichton",2016,15623.44
"1712","saint john",2009,298.52
"1713","saint john",2010,446.4
"1714","saint john",2011,447.52
"1715","saint john",2012,1035.19
"1716","saint john",2013,5514.08
"1717","saint john",2014,3627.79
"1718","saint john",2015,8787.77
"1719","saint john",2016,5318.12
"1720","saintejulie",2014,531.89
"1721","saintejulie",2016,39.5
"1722","saintjerome",2012,8689.74
"1723","saintjerome",2013,28130.34
"1724","saintjerome",2014,18369.95
"1725","saintjerome",2015,25116.54
"1726","saintjerome",2016,15702.29
"1727","saintlambert",2012,1848.5
"1728","saintlambert",2013,4252.75
"1729","saintlambert",2014,3530
"1730","saintlambert",2015,1724.96
"1731","saintlambert",2016,37.65
"1732","sarnia",2010,5844.27
"1733","sarnia",2012,4935.46
"1734","sarnia",2013,10092.64
"1735","sarnia",2014,15002.4
"1736","sarnia",2015,17709.97
"1737","sarnia",2016,18196.71
"1738","saskatoon",2007,407.58
"1739","saskatoon",2008,2240.91
"1740","saskatoon",2009,27319.88
"1741","saskatoon",2010,82906.93
"1742","saskatoon",2011,87655.56
"1743","saskatoon",2012,107683.42
"1744","saskatoon",2013,181115.37
"1745","saskatoon",2014,196936.37
"1746","saskatoon",2015,214129.21
"1747","saskatoon",2016,129596.39
"1748","sault ste marie",2010,2711.22
"1749","sault ste marie",2011,2908.29
"1750","sault ste marie",2012,3453.56
"1751","sault ste marie",2013,4787.63
"1752","sault ste marie",2014,7506.93
"1753","sault ste marie",2015,14469.21
"1754","sault ste marie",2016,11069.54
"1755","scarborough",2007,9828.9
"1756","scarborough",2008,55846.06
"1757","scarborough",2009,148745.5
"1758","scarborough",2010,158029.45
"1759","scarborough",2011,218134.21
"1760","scarborough",2012,187393.82
"1761","scarborough",2013,234404.5
"1762","scarborough",2014,223765.91
"1763","scarborough",2015,290153.05
"1764","scarborough",2016,189362.05
"1765","shelburne",2016,99.99
"1766","sherbrooke",2016,13.78
"1767","sherwood park",2010,19002
"1768","sherwood park",2011,24899.44
"1769","sherwood park",2012,20146.9
"1770","sherwood park",2013,23978.27
"1771","sherwood park",2014,34303.6
"1772","sherwood park",2015,36283.68
"1773","sherwood park",2016,25495.86
"1774","shilo",2016,166.95
"1775","sidney",2008,11312.67
"1776","sidney",2009,18168.54
"1777","sidney",2010,20465.48
"1778","sidney",2011,21441.49
"1779","sidney",2012,15508.6
"1780","sidney",2013,14810.28
"1781","sidney",2014,12416.08
"1782","sidney",2015,10831.28
"1783","sidney",2016,2005.24
"1784","slave lake",2015,862.18
"1785","slave lake",2016,524.04
"1786","smiths falls",2009,380.53
"1787","smiths falls",2010,2977.89
"1788","smiths falls",2011,4727.95
"1789","smiths falls",2012,4680.84
"1790","smiths falls",2013,3154.28
"1791","smiths falls",2014,5058.67
"1792","smiths falls",2015,4837.54
"1793","smiths falls",2016,1545.8
"1794","sooke",2010,15310.66
"1795","sooke",2011,18267.63
"1796","sooke",2012,25242.92
"1797","sooke",2013,26017.14
"1798","sooke",2014,23298.31
"1799","south porcupine",2008,1784.19
"1800","south porcupine",2009,13123.25
"1801","south porcupine",2010,16692.67
"1802","south porcupine",2011,9130.04
"1803","south porcupine",2012,12738.21
"1804","south porcupine",2013,13349.31
"1805","south porcupine",2014,12992.65
"1806","south porcupine",2015,15054.45
"1807","south porcupine",2016,9980.12
"1808","springdale",2014,6191.29
"1809","springdale",2015,10007.01
"1810","springdale",2016,4338.24
"1811","spruce grove",2008,6962.45
"1812","spruce grove",2009,7431.11
"1813","spruce grove",2010,20005.28
"1814","spruce grove",2011,21888.75
"1815","spruce grove",2012,27699.62
"1816","spruce grove",2013,45876.8
"1817","spruce grove",2014,28825.44
"1818","spruce grove",2015,23703.78
"1819","spruce grove",2016,4766.53
"1820","squamish",2010,929.8
"1821","st adolphe",2008,2830.19
"1822","st adolphe",2009,1683.06
"1823","st adolphe",2010,439.36
"1824","st albert",2008,19820.72
"1825","st albert",2009,70260.61
"1826","st albert",2010,70608.99
"1827","st albert",2011,79952.27
"1828","st albert",2012,100896.7
"1829","st albert",2013,88288.8
"1830","st albert",2014,119481.72
"1831","st albert",2015,117756.69
"1832","st albert",2016,67800.86
"1833","st catharines",2015,32.24
"1834","st catharines",2016,37
"1835","st marys",2007,9671.56
"1836","st marys",2008,21835.03
"1837","st marys",2009,22078.77
"1838","st marys",2010,27542.09
"1839","st marys",2011,51899.45
"1840","st marys",2012,29211.1
"1841","st marys",2013,13828.33
"1842","st marys",2014,12088.69
"1843","st marys",2015,14218.24
"1844","st marys",2016,9810.34
"1845","st thomas",2010,3010.89
"1846","st thomas",2011,8418.91
"1847","st thomas",2012,1893.7
"1848","st thomas",2013,1844.04
"1849","st thomas",2014,1999.5
"1850","st thomas",2015,5262.16
"1851","st thomas",2016,5498.87
"1852","stconstant",2014,4375.28
"1853","stconstant",2015,7857.65
"1854","stconstant",2016,4069.91
"1855","steinbach",2008,176.25
"1856","steinbach",2009,1616.39
"1857","steinbach",2010,5489.6
"1858","steinbach",2011,9570.67
"1859","steinbach",2012,12413.98
"1860","steinbach",2013,9485.78
"1861","steinbach",2014,20299.56
"1862","steinbach",2015,41457.86
"1863","steinbach",2016,26652.27
"1864","stellarton",2014,8448.03
"1865","stellarton",2015,13850.8
"1866","stellarton",2016,5087.94
"1867","stettler",2009,1424.32
"1868","stettler",2010,4371.39
"1869","stettler",2011,34935.45
"1870","stettler",2012,55808.11
"1871","stettler",2013,40885.25
"1872","stettler",2014,27149.91
"1873","stettler",2015,21418.67
"1874","stettler",2016,19480.99
"1875","steustache",2009,560.24
"1876","steustache",2010,506.73
"1877","steustache",2011,927.54
"1878","steustache",2012,554.77
"1879","steustache",2013,1522.88
"1880","sthubert",2013,3406.43
"1881","sthubert",2014,4633.82
"1882","sthubert",2015,3862.71
"1883","sthubert",2016,618.85
"1884","stittsville",2010,962.99
"1885","stittsville",2011,4065.33
"1886","stittsville",2012,4100.25
"1887","stittsville",2013,3533.67
"1888","stittsville",2014,2981.33
"1889","stittsville",2015,1231.01
"1890","stlambert",2011,15603.54
"1891","stlambert",2012,22857.42
"1892","stlambert",2013,13351.81
"1893","stlambert",2014,3369.19
"1894","stonewall",2010,1686.32
"1895","stonewall",2011,1875.95
"1896","stonewall",2012,9080.2
"1897","stonewall",2013,17748.3
"1898","stonewall",2014,22838.74
"1899","stonewall",2015,15879.5
"1900","stonewall",2016,14958.66
"1901","stoney creek",2011,4517.48
"1902","stoney creek",2012,8298.36
"1903","stoney creek",2013,8423.75
"1904","stoney creek",2014,24721.34
"1905","stoney creek",2015,32431.77
"1906","stoney creek",2016,23791.68
"1907","stouffville",2010,550.03
"1908","stouffville",2012,277.66
"1909","stouffville",2013,778.22
"1910","stouffville",2014,198.99
"1911","stouffville",2015,17.94
"1912","stouffville",2016,113.57
"1913","stratford",2015,191.18
"1914","stratford",2016,940.17
"1915","strathmore",2011,15013.11
"1916","strathmore",2012,28162.8
"1917","strathmore",2013,40342.3
"1918","strathmore",2014,63501.8
"1919","strathmore",2015,44071.15
"1920","strathmore",2016,26137.81
"1921","strathroy",2009,4407.85
"1922","strathroy",2010,4442.58
"1923","strathroy",2011,8634.57
"1924","strathroy",2012,14249.7
"1925","strathroy",2013,14853.01
"1926","strathroy",2014,21401.24
"1927","strathroy",2015,21021.07
"1928","strathroy",2016,13241.99
"1929","sudbury",2007,14088.07
"1930","sudbury",2008,43129.33
"1931","sudbury",2009,29522.21
"1932","sudbury",2010,25863.64
"1933","sudbury",2011,36816.23
"1934","sudbury",2012,29326.44
"1935","sudbury",2013,30264.39
"1936","sudbury",2014,24228.71
"1937","sudbury",2015,37097.34
"1938","sudbury",2016,29546.4
"1939","summerland",2009,2611.9
"1940","summerland",2010,215.69
"1941","sunderland",2007,1205.58
"1942","sunderland",2008,14339.9
"1943","sunderland",2009,5493.97
"1944","sunderland",2010,1179.33
"1945","sunderland",2011,475.95
"1946","sunderland",2012,476.01
"1947","sunderland",2013,92.46
"1948","sunderland",2014,138.11
"1949","sunderland",2015,277.44
"1950","sunderland",2016,1419.81
"1951","surrey",2007,5167.96
"1952","surrey",2008,19204.46
"1953","surrey",2009,50712.84
"1954","surrey",2010,87635.97
"1955","surrey",2011,77036.55
"1956","surrey",2012,81798.19
"1957","surrey",2013,68708.46
"1958","surrey",2014,76725.46
"1959","surrey",2015,95924.49
"1960","surrey",2016,81088.25
"1961","sydney mines",2016,4542.42
"1962","taber",2011,9838.65
"1963","taber",2012,9415.18
"1964","taber",2015,178.43
"1965","tecumseh",2009,3720.28
"1966","tecumseh",2010,7532.46
"1967","tecumseh",2011,4585.34
"1968","tecumseh",2012,4107.82
"1969","tecumseh",2013,1691.5
"1970","terrebonne",2009,7.89
"1971","terrebonne",2011,57.02
"1972","terrebonne",2012,1149.41
"1973","terrebonne",2013,347.79
"1974","thornhill",2007,1673.23
"1975","thornhill",2008,1706.88
"1976","thornhill",2009,1462.01
"1977","thornhill",2010,616.74
"1978","thornhill",2011,603.95
"1979","thornhill",2012,1093.84
"1980","thornhill",2013,12050.18
"1981","thornhill",2014,21781.84
"1982","thornhill",2015,42712.26
"1983","thornhill",2016,14081.75
"1984","thorold",2007,27.83
"1985","thorold",2008,5302.71
"1986","thorold",2009,5631.31
"1987","thorold",2010,8095.06
"1988","thorold",2011,8658.78
"1989","thorold",2012,350.43
"1990","thorold",2013,737.07
"1991","thorold",2014,1515.16
"1992","thorold",2015,1278.41
"1993","thorold",2016,578.55
"1994","thunder bay",2008,7251.09
"1995","thunder bay",2009,15783.88
"1996","thunder bay",2010,16261.7
"1997","thunder bay",2011,23188.59
"1998","thunder bay",2012,45809.48
"1999","thunder bay",2013,40522.8
"2000","thunder bay",2014,40973.15
"2001","thunder bay",2015,32487.8
"2002","thunder bay",2016,20186.78
"2003","tillsonburg",2009,1257.2
"2004","tillsonburg",2010,7017.37
"2005","tillsonburg",2011,6153.28
"2006","tillsonburg",2012,3996.35
"2007","tillsonburg",2013,10135.61
"2008","tillsonburg",2014,5503.55
"2009","tillsonburg",2015,5054.23
"2010","tillsonburg",2016,4303.9
"2011","timberlea",2014,726.06
"2012","timberlea",2015,6902.38
"2013","timberlea",2016,7794.5
"2014","timmins",2009,33910.88
"2015","timmins",2010,46470.02
"2016","timmins",2011,45555.18
"2017","timmins",2012,54621.74
"2018","timmins",2013,49673.37
"2019","timmins",2014,42297.42
"2020","timmins",2015,35292.94
"2021","timmins",2016,19289.17
"2022","tofield",2012,983.17
"2023","tofield",2013,12060.36
"2024","tofield",2014,14089.55
"2025","tofield",2015,13861.53
"2026","tofield",2016,8744.35
"2027","toronto",2007,33160.23
"2028","toronto",2008,113060.19
"2029","toronto",2009,224098.97
"2030","toronto",2010,291681.38
"2031","toronto",2011,335631.69
"2032","toronto",2012,430543.23
"2033","toronto",2013,538573
"2034","toronto",2014,641598.32
"2035","toronto",2015,729400.59
"2036","toronto",2016,481171.74
"2037","tottenham",2009,6493.7
"2038","tottenham",2010,13722.86
"2039","tottenham",2011,9816.63
"2040","tottenham",2012,20496.72
"2041","tottenham",2013,18500.1
"2042","tottenham",2014,27942.09
"2043","tottenham",2015,21489.93
"2044","tottenham",2016,15801.2
"2045","trail",2010,81.5
"2046","trail",2011,35.33
"2047","trail",2012,3218.13
"2048","trail",2013,9982.18
"2049","trail",2014,4271.74
"2050","trail",2015,5604.1
"2051","trail",2016,3393.54
"2052","trenton",2008,6289.62
"2053","trenton",2009,18083.39
"2054","trenton",2010,31368.59
"2055","trenton",2011,44178.13
"2056","trenton",2012,45719.09
"2057","trenton",2013,81215.4
"2058","trenton",2014,61445.76
"2059","trenton",2015,83598.68
"2060","trenton",2016,49652.05
"2061","truro",2013,222.67
"2062","truro",2014,797.41
"2063","truro",2015,8461.75
"2064","truro",2016,4689.57
"2065","utterson",2009,866.35
"2066","utterson",2010,566.5
"2067","utterson",2011,1283.99
"2068","utterson",2012,9637.73
"2069","utterson",2013,4978.98
"2070","utterson",2014,1562.65
"2071","utterson",2015,19.86
"2072","val caron",2015,299.99
"2073","val caron",2016,109.99
"2074","valdesmonts",2014,490.57
"2075","valdesmonts",2015,2813.72
"2076","valdesmonts",2016,956.64
"2077","valleyview",2011,2341.3
"2078","valleyview",2012,11348.2
"2079","valleyview",2013,13576.37
"2080","valleyview",2016,40.07
"2081","vancouver",2007,1056.28
"2082","vancouver",2008,17886.19
"2083","vancouver",2009,65128.6
"2084","vancouver",2010,87207.35
"2085","vancouver",2011,124974.22
"2086","vancouver",2012,90356.12
"2087","vancouver",2013,98682.78
"2088","vancouver",2014,67142.94
"2089","vancouver",2015,121168.66
"2090","vancouver",2016,92224.76
"2091","vankleek hill",2009,8917.25
"2092","vankleek hill",2010,19439.4
"2093","vankleek hill",2011,18577.94
"2094","vankleek hill",2012,16929.39
"2095","vankleek hill",2013,14539.96
"2096","vankleek hill",2014,13162.15
"2097","vankleek hill",2015,18682.82
"2098","vankleek hill",2016,13908.46
"2099","vaudreuildorion",2009,108.36
"2100","vaudreuildorion",2010,631.07
"2101","vaudreuildorion",2011,1868.82
"2102","vaudreuildorion",2013,528.96
"2103","vaudreuildorion",2014,33.1
"2104","vaudreuildorion",2015,51.62
"2105","vaudreuildorion",2016,22.38
"2106","verdun",2008,4728.56
"2107","verdun",2009,21782.02
"2108","verdun",2010,21704.31
"2109","verdun",2011,7600.7
"2110","verdun",2012,18845.11
"2111","verdun",2013,1389.97
"2112","verdun",2014,98.58
"2113","verdun",2015,8989.77
"2114","verdun",2016,13390.25
"2115","vermilion",2012,1928.14
"2116","vermilion",2013,753.55
"2117","vermilion",2014,8356
"2118","vermilion",2015,8321.61
"2119","vermilion",2016,8371.15
"2120","vernon",2013,2807.91
"2121","vernon",2014,12371.84
"2122","vernon",2015,18144.33
"2123","vernon",2016,7806.34
"2124","victoria",2008,9676.97
"2125","victoria",2009,36619.75
"2126","victoria",2010,73931.26
"2127","victoria",2011,93728.58
"2128","victoria",2012,89056.02
"2129","victoria",2013,100410.53
"2130","victoria",2014,85126.26
"2131","victoria",2015,96531.45
"2132","victoria",2016,75978.26
"2133","victoriaville",2016,11.72
"2134","wallaceburg",2008,5716.15
"2135","wallaceburg",2009,14526.67
"2136","wallaceburg",2010,18365.3
"2137","wallaceburg",2011,21134.62
"2138","wallaceburg",2012,9812.07
"2139","wallaceburg",2013,1224.67
"2140","wallaceburg",2014,3961.59
"2141","wallaceburg",2015,3778.26
"2142","wallaceburg",2016,1964.73
"2143","wasaga beach",2008,12.88
"2144","wasaga beach",2009,4642.91
"2145","wasaga beach",2010,13802.3
"2146","wasaga beach",2011,14036.93
"2147","wasaga beach",2012,16542.57
"2148","wasaga beach",2013,18814.9
"2149","wasaga beach",2014,30109.89
"2150","wasaga beach",2015,44002.71
"2151","wasaga beach",2016,35032.16
"2152","waterdown",2007,5654.04
"2153","waterdown",2008,7864.58
"2154","waterdown",2009,20132.74
"2155","waterdown",2010,25083.75
"2156","waterdown",2011,36730.78
"2157","waterdown",2012,53610.28
"2158","waterdown",2013,53444
"2159","waterdown",2014,45498.31
"2160","waterdown",2015,44352.75
"2161","waterdown",2016,50341.75
"2162","waterford",2010,1006.55
"2163","waterford",2011,251.18
"2164","waterford",2012,105
"2165","waterford",2013,13583.95
"2166","waterford",2014,17166.38
"2167","waterford",2015,28333.31
"2168","waterford",2016,10984.07
"2169","waterloo",2008,142.92
"2170","waterloo",2009,8013.26
"2171","waterloo",2010,11913.39
"2172","waterloo",2011,11282.95
"2173","waterloo",2012,12069.96
"2174","waterloo",2013,36942.96
"2175","waterloo",2014,24859.19
"2176","waterloo",2015,27659.49
"2177","waterloo",2016,14187.23
"2178","welland",2009,1540.7
"2179","welland",2013,1266.98
"2180","welland",2014,2738.89
"2181","welland",2015,208.88
"2182","welland",2016,325.34
"2183","west vancouver",2014,49.98
"2184","west vancouver",2016,213.99
"2185","westbank",2009,1684.32
"2186","westbank",2010,1935.2
"2187","westbank",2011,6442.11
"2188","westbank",2012,5752.19
"2189","westbank",2013,8357.1
"2190","westbank",2014,13397.61
"2191","westbank",2015,594.74
"2192","westbank",2016,591.75
"2193","wetaskiwin",2011,89.12
"2194","wetaskiwin",2012,25.06
"2195","wetaskiwin",2013,1289.81
"2196","wetaskiwin",2014,6170.83
"2197","wetaskiwin",2015,3548.11
"2198","wetaskiwin",2016,3339.88
"2199","whitby",2008,1006.55
"2200","whitby",2009,30629.78
"2201","whitby",2010,42095.87
"2202","whitby",2011,69667.59
"2203","whitby",2012,64833.06
"2204","whitby",2013,65624.17
"2205","whitby",2014,75911.02
"2206","whitby",2015,80731.8
"2207","whitby",2016,43100.13
"2208","whitecourt",2008,67531.19
"2209","whitecourt",2009,22018.9
"2210","whitecourt",2010,26561.91
"2211","whitecourt",2011,24118.34
"2212","whitecourt",2012,19778.81
"2213","whitecourt",2013,24262.5
"2214","whitecourt",2014,30122.49
"2215","whitecourt",2015,23092.76
"2216","whitecourt",2016,5279.8
"2217","whitehorse",2009,5458.39
"2218","whitehorse",2010,4235.28
"2219","whitehorse",2011,16962.42
"2220","whitehorse",2012,15997.55
"2221","whitehorse",2013,19909.4
"2222","whitehorse",2014,17492.75
"2223","whitehorse",2015,22769.62
"2224","whitehorse",2016,15517.77
"2225","williams lake",2008,3394.74
"2226","williams lake",2009,3470.35
"2227","williams lake",2010,6906
"2228","williams lake",2011,4684.64
"2229","williams lake",2012,15964.86
"2230","williams lake",2013,40265.97
"2231","williams lake",2014,38123.34
"2232","williams lake",2015,39992.16
"2233","williams lake",2016,39967.1
"2234","windsor",2007,4079.37
"2235","windsor",2008,1030.23
"2236","windsor",2009,10016.97
"2237","windsor",2010,22492.55
"2238","windsor",2011,72080.95
"2239","windsor",2012,91057.2
"2240","windsor",2013,100351.76
"2241","windsor",2014,118694.3
"2242","windsor",2015,152359.45
"2243","windsor",2016,105522.98
"2244","winkler",2011,2493.49
"2245","winkler",2012,238.71
"2246","winnipeg",2007,15174.53
"2247","winnipeg",2008,42259.86
"2248","winnipeg",2009,95177.56
"2249","winnipeg",2010,122370.68
"2250","winnipeg",2011,150695.75
"2251","winnipeg",2012,158884.27
"2252","winnipeg",2013,186190.5
"2253","winnipeg",2014,183224.68
"2254","winnipeg",2015,243377.07
"2255","winnipeg",2016,161747.43
"2256","woodbridge",2008,21121.33
"2257","woodbridge",2009,35302.92
"2258","woodbridge",2010,51268.44
"2259","woodbridge",2011,91307.08
"2260","woodbridge",2012,85223.63
"2261","woodbridge",2013,73286.19
"2262","woodbridge",2014,83373.19
"2263","woodbridge",2015,117369.13
"2264","woodbridge",2016,82661.64
"2265","woodstock",2014,5702.74
"2266","woodstock",2015,15714.94
"2267","woodstock",2016,9273.07
"2268","wynyard",2007,1220.38
"2269","wynyard",2008,4956.66
"2270","wynyard",2009,6485.94
"2271","wynyard",2010,20408.27
"2272","wynyard",2011,27039.2
"2273","wynyard",2012,35650.09
"2274","wynyard",2013,32828.77
"2275","wynyard",2014,25152.61
"2276","wynyard",2015,3347.01
"2277","wynyard",2016,14639.84
"2278","yarmouth",2016,837.82
